,Company,avg_weight
0,Acer,2.166893203883495
1,Apple,1.3204761904761906
2,Asus,2.2201962025316457
3,Chuwi,1.7266666666666666
4,Dell,2.1470404040404043
5,Fujitsu,2.2333333333333334
6,Google,1.1
7,HP,1.9113138686131388
8,Huawei,1.05
9,LG,1.05
10,Lenovo,2.0022895622895622
11,MSI,2.660555555555556
12,Mediacom,1.337142857142857
13,Microsoft,1.2513333333333334
14,Razer,2.1957142857142857
15,Samsung,1.3155555555555556
16,Toshiba,1.6402083333333335
17,Vero,1.33
18,Xiaomi,1.62
